classification,Unnamed: 0,marketvalue,marketvaluepreviousyear,landsqft,neighborhood,taxcode,landassessedvalue,buildingassessedvalue,combinedassessedvalue,fullbaths,halfbaths,fireplaces,age,buildingsqft,assessmentpass,class,tax_year,nbhd,hd_sf,town_code,type_resd,apts,ext_wall,roof_cnst,rooms,beds,bsmt,bsmt_fin,heat,oheat,air,frpl,attic_type,attic_fnsh,hbath,tp_plan,tp_dsgn,cnst_qlty,renovation,site,gar1_size,gar1_cnst,gar1_att,gar1_area,gar2_size,gar2_cnst,gar2_att,gar2_area,porch,ot_impr,bldg_sf,repair_cnd,multi_code,ncu,pri_est_land,pri_est_bldg,doc_no,most_recent_sale_price,centroid_x,centroid_y,tractce,total_bldg_sf,multi_ind,fbath,age2,use_1,n_units,per_ass,condo_class_factor,multi_family_ind,large_lot,o_hare_noise,floodplain,near_major_road,total_units,condo_strata,age_squared,age_decade,age_decade_squared,lot_size_squared,improvement_size_squared,location_factor,garage_indicator,residential_share_of_building,pure_market_sale,pure_market_filter,neigborhood_code_mapping_,square_root_of_lot_size,square_root_of_age,square_root_of_improvement_size,town_and_neighborhood,multiplier,eavpreviousyear,combinedassessedvalueprevyear,homeownerexemption,estimatedtaxpreviousyear,estimatednewtax,assessmentpersqft
0,0,0.0,0.0,0.0,53683,16255056,0.0,0.0,0.0,0.0,0.0,0.0,-602.0,0.0,1216031.0,0.0,0.0,0.0,0.0,0.0,0.0,0.0,0.0,0.0,0.0,0.0,0.0,0.0,0.0,0.0,0.0,0.0,0.0,0.0,0.0,0.0,0.0,0.0,0.0,0.0,0.0,0.0,0.0,0.0,0.0,0.0,0.0,0.0,0.0,0.0,0.0,0.0,0.0,0.0,0.0,0.0,0.0,0.0,0.0,0.0,0.0,0.0,0.0,0.0,0.0,0.0,0.0,0.0,0.0,0.0,0.0,0.0,0.0,0.0,0.0,0.0,0.0,0.0,0.0,0.0,0.0,0.0,0.0,0.0,0.0,0.0,0.0,0.0,0.0,0.0,0.0,0.0,0.0,0.0,0,0.0,0.0,0.0
100,0,3652380.0,3978620.0,9750846.0,3101,1917196,365238.0,0.0,365238.0,0.0,0.0,0.0,-71.0,0.0,143387.0,406.0,4038.0,80.0,16020.0,54.0,7.0,0.0,2.0,2.0,10.0,5.0,3.0,6.0,2.0,10.0,1.0,2.0,4.0,1.0,1.0,4.0,4.0,4.0,0.0,4.0,0.0,0.0,0.0,0.0,14.0,0.0,0.0,0.0,6.0,0.0,2414.0,4.0,5.0,0.0,164200.0,1044580.0,0.0,0.0,-175.6021609098306,83.7635851794692,1625602.0,4828.0,2.0,2.0,246.0,2.0,0.0,0.0,0.0,0.0,0.0,0.0,0.0,2.0,2.0,0.0,30290.0,24.6,302.9,128320200.0,3090116.0,1.746227237666872,0.0,0.0,0.0,0.0,80.0,178.9972066821156,22.1781397842203,68.9476451173273,5480.0,7.099999999999991,1158136.4957999997,397862.0,0,146921.19585718797,102596.02989029993,0.0
190,0,1253550.0,2277690.0,59702.0,732,297049,117360.0,7995.0,125355.0,0.0,0.0,0.0,-11.0,0.0,22220.0,408.0,4038.0,160.0,5750.0,54.0,7.0,0.0,5.0,2.0,13.0,6.0,2.0,6.0,3.0,10.0,1.0,2.0,5.0,1.0,2.0,4.0,4.0,4.0,0.0,4.0,0.0,0.0,0.0,0.0,14.0,0.0,0.0,0.0,6.0,0.0,3002.0,4.0,4.0,0.0,51740.0,542100.0,0.0,0.0,-175.5622280458278,83.75932415087149,1626000.0,0.0,0.0,2.0,208.0,2.0,0.0,0.0,0.0,0.0,0.0,0.0,0.0,0.0,2.0,0.0,21632.0,20.8,216.32,16531250.0,4508740.0,1.4862302188767371,0.0,0.0,0.0,0.0,160.0,107.23805294763599,20.3960780543712,77.4795960416732,5560.0,1.0999999999999999,663012.7821,227769.0,0,84109.80153720597,35212.45140675,inf
201,0,2925740.0,2631950.0,290768.0,3991,2160088,251880.0,40694.0,292574.0,0.0,0.0,0.0,-80.0,0.0,161598.0,15879.0,159501.0,3971.0,290768.0,2133.0,0.0,0.0,0.0,0.0,0.0,0.0,0.0,0.0,0.0,0.0,0.0,0.0,0.0,0.0,0.0,0.0,0.0,0.0,0.0,0.0,0.0,0.0,0.0,0.0,0.0,0.0,0.0,0.0,237.0,0.0,0.0,0.0,0.0,0.0,2260640.0,723820.0,0.0,0.0,-6935.552794720069,3309.0912805619305,64197824.0,0.0,0.0,0.0,790.0,79.0,0.0,0.0,15800.0,0.0,0.0,0.0,0.0,5.0,79.0,79.0,7900.0,79.0,79.0,1966760364.0,0.0,67.50752395191634,0.0,0.0,0.0,0.0,3971.0,4321.146411120626,249.81993515330177,0.0,363071.0,7.999999999999988,766134.3254999998,263195.0,0,97191.80053292999,82184.57786189999,inf
202,0,124741540.0,97993060.0,1735093.0,28162,11583473,1835252.0,10638902.0,12474154.0,451.0,68.0,26.0,43718.0,385844.0,866580.0,86664.0,866151.0,28162.0,1734217.0,11583.0,607.0,0.0,808.0,434.0,2139.0,1013.0,470.0,1101.0,559.0,2136.0,126.0,452.0,878.0,637.0,66.0,599.0,464.0,858.0,1.0,858.0,945.0,376.0,715.0,718.0,3003.0,0.0,0.0,0.0,847.0,637.0,386920.0,859.0,862.0,0.0,16594020.0,82135500.0,34525857933.0,2886507.0,-37659.585217103755,17965.859627712904,348702135.0,10274.0,6.0,449.0,42498.0,429.0,0.0,0.0,0.0,0.0,0.0,0.0,0.0,23.0,429.0,0.0,4278870.0,4249.800000000006,42788.700000000055,7428436951.0,351824186.0,338.28877142555575,361.0,0.0,11.0,11.0,28162.0,27072.44766659596,4259.777610299599,12870.145810703132,4758562.0,42.90000000000034,28524799.83540001,9799306.0,429,3074426.707118845,3090027.935784901,11865.127162340257
203,0,769180800.0,630372450.0,10396825.0,111808,57836404,11219014.0,65699066.0,76918080.0,2660.0,833.0,380.0,217196.0,2948008.0,4326838.0,434837.0,4324698.0,111808.0,10403075.0,57834.0,7020.0,0.0,4671.0,2294.0,12923.0,6608.0,2419.0,5494.0,2964.0,10629.0,812.0,2503.0,3451.0,2800.0,822.0,3522.0,2949.0,4284.0,2.0,4292.0,5206.0,2128.0,3753.0,3805.0,14994.0,0.0,0.0,0.0,4328.0,52273.0,2946560.0,4298.0,4328.0,0.0,101477680.0,540885260.0,176151783431.0,20583188.0,-188039.0467486906,89716.16485242375,1740779297.0,8498.0,4.0,2648.0,210754.0,2142.0,0.0,0.0,0.0,0.0,0.0,0.0,0.0,98.0,2142.0,0.0,21063076.0,21075.400000000074,210630.7600000012,54366502551.0,4165269228.0,1766.3043998976334,1907.0,0.0,54.0,54.0,111808.0,148027.02806227634,21195.388539490697,79171.05064001156,11508508.0,214.19999999999212,183495116.47050008,63037245.0,2140,20563386.47544763,19541330.970447995,inf
204,0,364437720.0,304574410.0,4562243.0,29537,20008101,5178833.0,31264939.0,36443772.0,1331.0,436.0,332.0,71843.0,1597690.0,1496820.0,151156.0,1496079.0,29537.0,4562243.0,20007.0,3326.0,2.0,1743.0,1097.0,5401.0,2739.0,905.0,1805.0,1082.0,3678.0,378.0,1037.0,1092.0,748.0,431.0,1393.0,1246.0,1478.0,7.0,1483.0,1895.0,950.0,1256.0,1319.0,5183.0,1.0,2.0,2.0,1610.0,51902.0,1579052.0,1483.0,1516.0,1.0,46869450.0,262200830.0,70884542698.0,11971613.0,-65051.27957293296,31041.55827716816,602077474.0,18138.0,6.0,1301.0,69620.0,742.0,0.0,0.0,0.0,211.0,0.0,0.0,0.0,41.0,741.0,0.0,6688462.0,6961.999999999979,66884.62000000013,32087379515.0,3467904470.0,640.2398213334409,667.0,0.0,24.0,24.0,29537.0,57291.688410071016,7154.822895255551,34081.64317917295,2564837.0,74.10000000000007,88658565.00689995,30457441.0,741,10307192.956775341,9522057.975778205,14565.845860641442
205,0,1723096900.0,1511989840.0,21517708.0,205563,106951455,23136140.0,149173550.0,172309690.0,5492.0,2617.0,1363.0,418290.0,6695676.0,8001217.0,812132.0,7995240.0,205463.0,21520783.0,106920.0,7929.0,0.0,9439.0,4551.0,26587.0,13619.0,4403.0,10394.0,6061.0,19647.0,1445.0,5234.0,9078.0,5528.0,2586.0,6515.0,5334.0,7917.0,15.0,7920.0,9961.0,4182.0,6872.0,6943.0,27712.0,2.0,4.0,4.0,8355.0,42574.0,6667271.0,7928.0,8044.0,3.0,208601140.0,1335422180.0,400252721627.0,54705154.0,-347466.6209250127,165777.1103839519,3216722542.0,19696.0,8.0,5421.0,406202.0,3960.0,0.0,0.0,0.0,0.0,0.0,0.0,0.0,238.0,3960.0,0.0,42219228.0,40620.20000000062,422192.2799999942,129972609193.0,11574855495.0,3268.6121679583407,3496.0,0.0,130.0,130.0,205463.0,287950.18022973364,40036.777357554514,161832.3647536185,16121963.0,396.10000000002157,440125122.52560014,151198984.0,3959,50811885.6435976,44581675.69392649,inf
206,0,1484008160.0,1250465120.0,17805229.0,88964,59510637,19754724.0,128646092.0,148400816.0,4830.0,1846.0,1885.0,236225.0,6192679.0,4452078.0,453877.0,4445838.0,88804.0,17798348.0,59454.0,4416.0,10.0,4760.0,3580.0,18554.0,9393.0,2788.0,5382.0,3495.0,10902.0,1211.0,3718.0,4580.0,2883.0,1804.0,3953.0,3506.0,4391.0,14.0,4404.0,6305.0,2954.0,3827.0,3917.0,15404.0,3.0,4.0,8.0,5176.0,59109.0,6023128.0,4393.0,4532.0,0.0,178468270.0,1095071550.0,208774464719.0,41716644.0,-193140.7508386253,92164.00614752511,1787466236.0,254730.0,60.0,4653.0,229036.0,2208.0,0.0,0.0,0.0,1055.0,0.0,0.0,0.0,118.0,2202.0,0.0,24419066.0,22903.600000000173,244190.65999999875,166822013320.0,17300618686.0,1921.0448709859002,2009.0,0.0,65.0,65.0,88804.0,195055.59055860294,22381.688570600294,114402.23636218144,6447304.0,220.39999999999176,363997891.7808007,125046512.0,2202,43383315.351312235,39561133.755909584,inf
207,0,8516430.0,6716780.0,81572.0,1210,540020,89293.0,762350.0,851643.0,37.0,16.0,4.0,762.0,34060.0,40400.0,4131.0,40380.0,1210.0,81572.0,540.0,38.0,0.0,40.0,20.0,137.0,67.0,31.0,42.0,20.0,100.0,13.0,24.0,59.0,3.0,15.0,34.0,28.0,40.0,0.0,40.0,57.0,24.0,36.0,38.0,140.0,0.0,0.0,0.0,59.0,0.0,32669.0,40.0,40.0,0.0,807770.0,6178460.0,0.0,0.0,-1755.7172995926667,837.6356820001112,16255200.0,0.0,0.0,34.0,702.0,20.0,0.0,0.0,0.0,0.0,0.0,0.0,0.0,1.0,20.0,0.0,30788.0,70.2,307.88000000000005,377764512.0,55685225.0,16.191573880383533,19.0,0.0,0.0,0.0,1210.0,1259.0534462436149,112.8748596774221,803.3796818402373,176710.0,2.0000000000000004,1955187.4901999997,671678.0,20,222663.08500677196,219928.09423954997,449.07433320426236
208,0,10901060.0,9582450.0,106692.0,420,297011,121136.0,968970.0,1090106.0,43.0,11.0,15.0,168.0,47825.0,22220.0,2288.0,22209.0,420.0,106692.0,297.0,22.0,0.0,20.0,11.0,109.0,48.0,13.0,21.0,11.0,55.0,11.0,21.0,21.0,10.0,11.0,22.0,19.0,21.0,0.0,22.0,39.0,19.0,19.0,20.0,77.0,0.0,0.0,0.0,29.0,0.0,47825.0,22.0,22.0,0.0,1096650.0,8271730.0,0.0,0.0,-965.7499742705112,460.8413764385266,8936804.0,0.0,0.0,43.0,135.0,11.0,0.0,0.0,0.0,0.0,0.0,0.0,0.0,1.0,11.0,0.0,2199.0,13.5,21.99,1129379522.0,208679973.0,9.959291875411353,11.0,0.0,0.0,0.0,420.0,1072.5154304102573,36.654583722833294,724.9826672559682,30120.0,1.0999999999999999,2789355.3704999997,958245.0,11,339903.02230162994,295597.79209610005,222.87154208527903
209,0,80201250.0,72396990.0,1111654.0,3943,1647061,1166499.0,6853626.0,8020125.0,237.0,71.0,123.0,6481.0,355642.0,123220.0,12746.0,123159.0,3943.0,1111654.0,1647.0,128.0,0.0,133.0,104.0,665.0,321.0,97.0,155.0,88.0,302.0,43.0,109.0,125.0,52.0,50.0,116.0,110.0,120.0,0.0,121.0,209.0,84.0,86.0,93.0,426.0,1.0,1.0,1.0,149.0,2355.0,310442.0,123.0,133.0,0.0,10412890.0,61647960.0,15324420748.0,6019807.0,-5355.33496073206,2555.520570279431,49557922.0,140808.0,20.0,211.0,6373.0,61.0,0.0,0.0,0.0,0.0,0.0,0.0,0.0,4.0,61.0,0.0,706963.0,637.2999999999995,7069.63,24042615562.0,1795889896.0,53.602659206665884,51.0,0.0,5.0,5.0,3943.0,8059.379134943292,611.6908623851762,4217.4566032925195,168643.0,6.099999999999994,21074039.819099993,7239699.0,61,2596068.0914510256,2194002.9497312503,1174.9348012408211
210,0,45316440.0,39454790.0,305338.0,6607,5130190,403802.0,4127842.0,4531644.0,220.0,154.0,11.0,14771.0,223340.0,383800.0,42025.0,383610.0,6607.0,305338.0,5130.0,380.0,0.0,366.0,237.0,961.0,430.0,203.0,474.0,211.0,947.0,123.0,201.0,550.0,21.0,154.0,302.0,108.0,379.0,2.0,380.0,60.0,82.0,89.0,89.0,1330.0,0.0,0.0,0.0,558.0,64.0,223340.0,381.0,380.0,0.0,3619280.0,35931830.0,17218453747.0,1654002.0,-16681.974329245484,7959.388215034317,154382295.0,0.0,0.0,220.0,14201.0,191.0,0.0,0.0,0.0,0.0,0.0,0.0,0.0,67.0,190.0,0.0,1172429.0,1420.0999999999988,11724.289999999999,736854196.0,294629522.0,172.0137766205913,46.0,0.0,7.0,7.0,6607.0,7389.706291494578,1625.26694894187,6437.961091349195,835507.0,19.0,11484894.821100004,3945479.0,189,1217208.3570047456,1090562.1831413992,3511.949835734417
211,0,444164000.0,382719510.0,5649499.0,50559,24975952,5955372.0,38461028.0,44416400.0,2453.0,262.0,234.0,99415.0,2844167.0,1868500.0,195175.0,1867575.0,50559.0,5649499.0,24975.0,1989.0,2230.0,1891.0,1312.0,11407.0,5301.0,1033.0,2536.0,1513.0,4604.0,172.0,1078.0,2200.0,926.0,261.0,1617.0,1279.0,1834.0,1.0,1851.0,2383.0,919.0,1332.0,1356.0,6470.0,1.0,2.0,2.0,1899.0,26868.0,2820147.0,1851.0,1873.0,3.0,53716990.0,335887820.0,105490810013.0,15643371.0,-81116.99938521149,38700.66611457331,750939921.0,117964.0,26.0,2425.0,96585.0,1835.0,0.0,0.0,0.0,195175.0,0.0,0.0,0.0,99.0,925.0,0.0,10403017.0,9658.49999999997,104030.17,38828460269.0,9811515963.0,755.6032061471739,686.0,0.0,34.0,34.0,50559.0,71182.89108357421,9404.643914164248,50304.750399620985,3787359.0,92.49999999999902,111405822.16590004,38271951.0,4,14127868.199966073,12472788.930339988,13029.50900391273
212,0,63448970.0,51290730.0,573032.0,7054,3591407,633931.0,5710966.0,6344897.0,400.0,153.0,8.0,12688.0,602694.0,268660.0,27984.0,266508.0,6994.0,569598.0,3564.0,264.0,425.0,265.0,254.0,1167.0,479.0,344.0,381.0,199.0,660.0,62.0,135.0,266.0,187.0,146.0,260.0,259.0,259.0,4.0,260.0,185.0,98.0,104.0,107.0,924.0,0.0,0.0,0.0,384.0,1092.0,587429.0,259.0,268.0,156.0,5607580.0,45394740.0,17203533081.0,3447504.0,-11324.80019600048,5402.890569537088,104840934.0,48056.0,6.0,381.0,12055.0,263.0,0.0,0.0,0.0,27984.0,0.0,0.0,0.0,40.0,132.0,0.0,1159905.0,1205.5,11599.050000000005,3059473956.0,3504713517.0,105.9965912882456,57.0,0.0,5.0,5.0,6994.0,8469.204889497947,1249.6364354272566,8450.87898620198,679294.0,13.299999999999969,14930218.595700003,5129073.0,0,1894047.5310505014,1782293.3053594495,1383.3984754130809
213,0,28508840.0,24690570.0,83069.0,122,108022,85867.0,2765017.0,2850884.0,0.0,0.0,0.0,-4.0,0.0,8080.0,0.0,0.0,0.0,0.0,0.0,0.0,0.0,0.0,0.0,0.0,0.0,0.0,0.0,0.0,0.0,0.0,0.0,0.0,0.0,0.0,0.0,0.0,0.0,0.0,0.0,0.0,0.0,0.0,0.0,0.0,0.0,0.0,0.0,0.0,0.0,0.0,0.0,0.0,0.0,0.0,0.0,0.0,0.0,0.0,0.0,0.0,0.0,0.0,0.0,0.0,0.0,0.0,0.0,0.0,0.0,0.0,0.0,0.0,0.0,0.0,0.0,0.0,0.0,0.0,0.0,0.0,0.0,0.0,0.0,0.0,0.0,0.0,0.0,0.0,0.0,0.0,0.4,7187178.021299999,2469057.0,0,911765.403782118,800818.5897354,inf
218,0,1494530.0,1472600.0,21923.0,111,54002,22609.0,126844.0,149453.0,0.0,0.0,0.0,-2.0,0.0,4040.0,0.0,0.0,0.0,0.0,0.0,0.0,0.0,0.0,0.0,0.0,0.0,0.0,0.0,0.0,0.0,0.0,0.0,0.0,0.0,0.0,0.0,0.0,0.0,0.0,0.0,0.0,0.0,0.0,0.0,0.0,0.0,0.0,0.0,0.0,0.0,0.0,0.0,0.0,0.0,0.0,0.0,0.0,0.0,0.0,0.0,0.0,0.0,0.0,0.0,0.0,0.0,0.0,0.0,0.0,0.0,0.0,0.0,0.0,0.0,0.0,0.0,0.0,0.0,0.0,0.0,0.0,0.0,0.0,0.0,0.0,0.0,0.0,0.0,0.0,0.0,0.0,0.2,428659.13399999996,147260.0,0,54379.69773924,41981.62418805,inf
234,0,9445780.0,7568090.0,143286.0,992,540020,157730.0,786848.0,944578.0,29.0,13.0,9.0,1124.0,28794.0,40400.0,4680.0,40380.0,992.0,143286.0,540.0,80.0,0.0,49.0,20.0,118.0,62.0,58.0,20.0,21.0,100.0,16.0,28.0,59.0,1.0,13.0,22.0,16.0,39.0,0.0,40.0,59.0,32.0,31.0,38.0,140.0,0.0,0.0,0.0,56.0,0.0,28794.0,39.0,40.0,0.0,1425150.0,5811040.0,3848968164.0,2.0,-1755.8439158482602,837.7551975389023,16253100.0,0.0,0.0,29.0,1064.0,20.0,0.0,0.0,0.0,0.0,0.0,0.0,0.0,0.0,20.0,0.0,57740.0,106.4,577.4000000000001,1102052994.0,43587518.0,17.361471498685713,19.0,0.0,0.0,0.0,992.0,1674.0224320418324,145.47461311606506,754.2510201473189,79292.0,2.0000000000000004,2202995.3181,756809.0,20,254099.98605416602,246033.70766930003,548.2605135189993
241,0,9331490.0,6680180.0,786159.0,13329,6210246,933149.0,0.0,933149.0,0.0,0.0,0.0,0.0,0.0,464593.0,54707.0,458313.0,13109.0,789236.0,6129.0,0.0,0.0,0.0,0.0,0.0,0.0,0.0,0.0,0.0,0.0,0.0,0.0,0.0,0.0,0.0,0.0,0.0,0.0,0.0,0.0,0.0,0.0,0.0,0.0,0.0,0.0,0.0,0.0,681.0,0.0,0.0,0.0,0.0,0.0,6461810.0,0.0,5770214129.0,1275000.0,-19840.61438667857,9465.681394577427,183670867.0,0.0,0.0,0.0,2270.0,227.0,0.0,0.0,45400.0,0.0,0.0,0.0,0.0,19.0,227.0,227.0,22700.0,227.0,227.0,6147217482.0,0.0,188.09078518924065,0.0,0.0,3.0,3.0,13109.0,12138.615503185763,717.8370288582212,0.0,1014809.0,23.000000000000057,1944533.5962000024,668018.0,0,246683.53201393224,262123.28042564995,0.0
278,0,65756120.0,55277650.0,592781.0,3842,2430103,665427.0,5910185.0,6575612.0,252.0,74.0,73.0,1762.0,254890.0,181800.0,24235.0,177672.0,3682.0,585131.0,2376.0,179.0,0.0,150.0,99.0,693.0,347.0,112.0,173.0,91.0,432.0,82.0,147.0,221.0,43.0,71.0,172.0,158.0,171.0,0.0,173.0,271.0,118.0,143.0,153.0,609.0,0.0,0.0,0.0,257.0,173.0,244653.0,172.0,176.0,0.0,5947150.0,48267450.0,21117883153.0,6997402.0,-7725.64242645233,3686.2495865450032,71506538.0,6442.0,2.0,237.0,1627.0,88.0,0.0,0.0,200.0,0.0,0.0,0.0,0.0,1.0,88.0,1.0,66753.0,162.6999999999999,667.5299999999995,4323069797.0,716193903.0,75.98592174225566,81.0,0.0,9.0,9.0,3682.0,7076.791302251303,324.8903127568339,4586.494050426195,362782.0,8.999999999999984,16090771.138500001,5527765.0,90,1927101.2266301098,1760251.5756822,2105.4911198119134
288,0,27490.0,27490.0,2682.0,20,27001,2749.0,0.0,2749.0,0.0,0.0,0.0,-1.0,0.0,2020.0,0.0,0.0,0.0,0.0,0.0,0.0,0.0,0.0,0.0,0.0,0.0,0.0,0.0,0.0,0.0,0.0,0.0,0.0,0.0,0.0,0.0,0.0,0.0,0.0,0.0,0.0,0.0,0.0,0.0,0.0,0.0,0.0,0.0,0.0,0.0,0.0,0.0,0.0,0.0,0.0,0.0,0.0,0.0,0.0,0.0,0.0,0.0,0.0,0.0,0.0,0.0,0.0,0.0,0.0,0.0,0.0,0.0,0.0,0.0,0.0,0.0,0.0,0.0,0.0,0.0,0.0,0.0,0.0,0.0,0.0,0.0,0.0,0.0,0.0,0.0,0.0,0.1,8002.0641,2749.0,0,1015.1418517259999,772.19918565,0.0
290,0,2198220.0,921780.0,100558.0,1795,1323091,210755.0,9067.0,219822.0,0.0,0.0,0.0,-49.0,0.0,98980.0,0.0,0.0,0.0,0.0,0.0,0.0,0.0,0.0,0.0,0.0,0.0,0.0,0.0,0.0,0.0,0.0,0.0,0.0,0.0,0.0,0.0,0.0,0.0,0.0,0.0,0.0,0.0,0.0,0.0,0.0,0.0,0.0,0.0,0.0,0.0,0.0,0.0,0.0,0.0,0.0,0.0,0.0,0.0,0.0,0.0,0.0,0.0,0.0,0.0,0.0,0.0,0.0,0.0,0.0,0.0,0.0,0.0,0.0,0.0,0.0,0.0,0.0,0.0,0.0,0.0,0.0,0.0,0.0,0.0,0.0,0.0,0.0,0.0,0.0,0.0,0.0,4.899999999999999,268320.94020000007,92178.0,0,34039.19447377199,61748.40647070001,inf
295,0,177883890.0,170372840.0,665971.0,18587,12475026,891774.0,16896615.0,17788389.0,1004.0,357.0,220.0,11482.0,910143.0,933240.0,135700.0,928740.0,18547.0,663551.0,12420.0,1314.0,0.0,1072.0,774.0,2965.0,1277.0,885.0,1328.0,501.0,2300.0,438.0,678.0,1347.0,27.0,355.0,880.0,637.0,908.0,0.0,920.0,949.0,816.0,424.0,456.0,3220.0,0.0,0.0,0.0,1320.0,313.0,903623.0,908.0,924.0,0.0,8008390.0,160860130.0,49757062170.0,9328003.0,-40034.53995801861,19099.071125866154,370572148.0,37477.0,5.0,1002.0,10072.0,460.0,0.0,0.0,0.0,0.0,0.0,0.0,0.0,69.0,460.0,0.0,301862.0,1007.2000000000019,3018.620000000008,1618379241.0,1845301939.0,388.74323878556265,394.0,0.0,23.0,23.0,18547.0,16765.213386826614,2049.1454848903586,20282.66403542008,1333447.0,46.20000000000039,49593829.9956,17037284.0,462,5705380.073241822,4550961.378619649,8565.328190406248
297,0,16723220.0,5100010.0,43131.0,150,108018,133184.0,1539138.0,1672322.0,0.0,0.0,0.0,-4.0,0.0,8077.0,0.0,0.0,0.0,0.0,0.0,0.0,0.0,0.0,0.0,0.0,0.0,0.0,0.0,0.0,0.0,0.0,0.0,0.0,0.0,0.0,0.0,0.0,0.0,0.0,0.0,0.0,0.0,0.0,0.0,0.0,0.0,0.0,0.0,0.0,0.0,0.0,0.0,0.0,0.0,0.0,0.0,0.0,0.0,0.0,0.0,0.0,0.0,0.0,0.0,0.0,0.0,0.0,0.0,0.0,0.0,0.0,0.0,0.0,0.0,0.0,0.0,0.0,0.0,0.0,0.0,0.0,0.0,0.0,0.0,0.0,0.0,0.0,0.0,0.0,0.0,0.0,0.4,1484561.9109,510001.0,0,188331.52401677397,469758.3435957,inf
299,0,849705020.0,710069800.0,129125730.0,260430,152557037,4256063.0,80714439.0,84970502.0,0.0,0.0,0.0,372810.0,0.0,11412891.0,1684566.0,11375046.0,259830.0,130371264.0,152118.0,0.0,0.0,0.0,0.0,0.0,0.0,0.0,0.0,0.0,0.0,0.0,0.0,0.0,0.0,0.0,0.0,0.0,0.0,0.0,0.0,0.0,0.0,0.0,0.0,0.0,0.0,0.0,0.0,16902.0,0.0,0.0,0.0,0.0,0.0,38513350.0,654301840.0,700417207215.0,53554578.0,-492085.5856856528,234765.94721847092,4554632117.0,0.0,0.0,0.0,355451.0,5634.0,226772.0,290.999999999999,1684566.0,0.0,0.0,0.0,0.0,1745.0,227978.0,36389.0,27412105.0,35545.09999999907,274121.0500000038,4523331668630.0,0.0,4747.2285739121835,0.0,5581.246811799959,299.0,299.0,259830.0,810319.6672191215,43040.05804492043,0.0,16152030.0,565.0000000000599,206694218.0820009,71006980.0,0,26221228.50588249,23868371.207228716,inf
301,0,63300.0,36810.0,2500.0,70,27001,6250.0,80.0,6330.0,0.0,0.0,0.0,-1.0,0.0,2020.0,0.0,0.0,0.0,0.0,0.0,0.0,0.0,0.0,0.0,0.0,0.0,0.0,0.0,0.0,0.0,0.0,0.0,0.0,0.0,0.0,0.0,0.0,0.0,0.0,0.0,0.0,0.0,0.0,0.0,0.0,0.0,0.0,0.0,0.0,0.0,0.0,0.0,0.0,0.0,0.0,0.0,0.0,0.0,0.0,0.0,0.0,0.0,0.0,0.0,0.0,0.0,0.0,0.0,0.0,0.0,0.0,0.0,0.0,0.0,0.0,0.0,0.0,0.0,0.0,0.0,0.0,0.0,0.0,0.0,0.0,0.0,0.0,0.0,0.0,0.0,0.0,0.1,10715.0229,3681.0,0,1359.307805094,1778.1087105,inf
314,0,40339440.0,20444940.0,319326.0,1917,1026046,704753.0,3329191.0,4033944.0,0.0,0.0,0.0,-38.0,0.0,76760.0,0.0,0.0,0.0,0.0,0.0,0.0,0.0,0.0,0.0,0.0,0.0,0.0,0.0,0.0,0.0,0.0,0.0,0.0,0.0,0.0,0.0,0.0,0.0,0.0,0.0,0.0,0.0,0.0,0.0,0.0,0.0,0.0,0.0,0.0,0.0,0.0,0.0,0.0,0.0,0.0,0.0,0.0,0.0,0.0,0.0,0.0,0.0,0.0,0.0,0.0,0.0,0.0,0.0,0.0,0.0,0.0,0.0,0.0,0.0,0.0,0.0,0.0,0.0,0.0,0.0,0.0,0.0,0.0,0.0,0.0,0.0,0.0,0.0,0.0,0.0,0.0,3.800000000000002,5951317.584600001,2044494.0,0,754984.1487823562,1133142.3323964,inf
315,0,384230450.0,178529270.0,1979652.0,9338,4239179,4170083.0,34252962.0,38423045.0,0.0,0.0,0.0,-157.0,0.0,317140.0,422.0,4038.0,180.0,17130.0,54.0,6.0,12.0,4.0,4.0,60.0,24.0,2.0,6.0,4.0,10.0,0.0,2.0,6.0,0.0,0.0,4.0,0.0,4.0,0.0,4.0,0.0,0.0,0.0,0.0,14.0,0.0,0.0,0.0,6.0,0.0,14800.0,4.0,5.0,0.0,145600.0,321500.0,0.0,0.0,-175.5564559252838,83.76346036184641,1625200.0,29600.0,2.0,12.0,213.0,4.0,0.0,0.0,0.0,422.0,0.0,0.0,0.0,2.0,2.0,0.0,23229.0,21.3,232.29,146718450.0,109520000.0,1.449374807023218,0.0,0.0,0.0,0.0,180.0,185.09457042279757,20.57736948691454,172.04650534085258,5580.0,15.69999999999996,51968085.204300016,17852927.0,0,6592671.289017494,10793104.423133247,inf
318,0,141679670.0,61781750.0,536140.0,2583,1512155,1298610.0,12869357.0,14167967.0,0.0,0.0,0.0,-56.0,0.0,113120.0,0.0,0.0,0.0,0.0,0.0,0.0,0.0,0.0,0.0,0.0,0.0,0.0,0.0,0.0,0.0,0.0,0.0,0.0,0.0,0.0,0.0,0.0,0.0,0.0,0.0,0.0,0.0,0.0,0.0,0.0,0.0,0.0,0.0,0.0,0.0,0.0,0.0,0.0,0.0,0.0,0.0,0.0,0.0,0.0,0.0,0.0,0.0,0.0,0.0,0.0,0.0,0.0,0.0,0.0,0.0,0.0,0.0,0.0,0.0,0.0,0.0,0.0,0.0,0.0,0.0,0.0,0.0,0.0,0.0,0.0,0.0,0.0,0.0,0.0,0.0,0.0,5.599999999999996,17984049.6075,6178175.0,0,2281456.5332074496,3979808.1410389496,inf
390,0,2389980.0,1485210.0,92234.0,711,405029,220063.0,18935.0,238998.0,0.0,0.0,0.0,-15.0,0.0,30300.0,0.0,0.0,0.0,0.0,0.0,0.0,0.0,0.0,0.0,0.0,0.0,0.0,0.0,0.0,0.0,0.0,0.0,0.0,0.0,0.0,0.0,0.0,0.0,0.0,0.0,0.0,0.0,0.0,0.0,0.0,0.0,0.0,0.0,0.0,0.0,0.0,0.0,0.0,0.0,0.0,0.0,0.0,0.0,0.0,0.0,0.0,0.0,0.0,0.0,0.0,0.0,0.0,0.0,0.0,0.0,0.0,0.0,0.0,0.0,0.0,0.0,0.0,0.0,0.0,0.0,0.0,0.0,0.0,0.0,0.0,0.0,0.0,0.0,0.0,0.0,0.0,1.5000000000000002,432329.7788999999,148521.0,0,54845.355751254,67134.9803463,inf
391,0,293464000.0,70288300.0,453802.0,720,621059,1245658.0,28100742.0,29346400.0,0.0,0.0,0.0,-23.0,0.0,46445.0,0.0,0.0,0.0,0.0,0.0,0.0,0.0,0.0,0.0,0.0,0.0,0.0,0.0,0.0,0.0,0.0,0.0,0.0,0.0,0.0,0.0,0.0,0.0,0.0,0.0,0.0,0.0,0.0,0.0,0.0,0.0,0.0,0.0,0.0,0.0,0.0,0.0,0.0,0.0,0.0,0.0,0.0,0.0,0.0,0.0,0.0,0.0,0.0,0.0,0.0,0.0,0.0,0.0,0.0,0.0,0.0,0.0,0.0,0.0,0.0,0.0,0.0,0.0,0.0,0.0,0.0,0.0,0.0,0.0,0.0,0.0,0.0,0.0,0.0,0.0,0.0,2.3000000000000007,20460221.246999998,7028830.0,0,2595583.6673944197,8243458.05084,inf
397,0,43222840.0,17905800.0,169624.0,100,108018,195622.0,4126662.0,4322284.0,0.0,0.0,0.0,-4.0,0.0,8080.0,0.0,0.0,0.0,0.0,0.0,0.0,0.0,0.0,0.0,0.0,0.0,0.0,0.0,0.0,0.0,0.0,0.0,0.0,0.0,0.0,0.0,0.0,0.0,0.0,0.0,0.0,0.0,0.0,0.0,0.0,0.0,0.0,0.0,0.0,0.0,0.0,0.0,0.0,0.0,0.0,0.0,0.0,0.0,0.0,0.0,0.0,0.0,0.0,0.0,0.0,0.0,0.0,0.0,0.0,0.0,0.0,0.0,0.0,0.0,0.0,0.0,0.0,0.0,0.0,0.0,0.0,0.0,0.0,0.0,0.0,0.0,0.0,0.0,0.0,0.0,0.0,0.4,5212199.322,1790580.0,0,661219.60598892,1214137.5718254,inf
399,0,9803970.0,5348570.0,762421.0,4520,1917167,101274.0,879123.0,980397.0,0.0,0.0,0.0,-71.0,0.0,143407.0,0.0,0.0,0.0,0.0,0.0,0.0,0.0,0.0,0.0,0.0,0.0,0.0,0.0,0.0,0.0,0.0,0.0,0.0,0.0,0.0,0.0,0.0,0.0,0.0,0.0,0.0,0.0,0.0,0.0,0.0,0.0,0.0,0.0,0.0,0.0,0.0,0.0,0.0,0.0,0.0,0.0,0.0,0.0,0.0,0.0,0.0,0.0,0.0,0.0,0.0,0.0,0.0,0.0,0.0,0.0,0.0,0.0,0.0,0.0,0.0,0.0,0.0,0.0,0.0,0.0,0.0,0.0,0.0,0.0,0.0,0.0,0.0,0.0,0.0,0.0,0.0,7.099999999999991,1556915.2413,534857.0,0,197510.26751131797,275395.33103445,inf
490,0,396375.0,237825.0,15100.0,60,81015,75500.0,3775.0,79275.0,0.0,0.0,0.0,-3.0,0.0,6060.0,0.0,0.0,0.0,0.0,0.0,0.0,0.0,0.0,0.0,0.0,0.0,0.0,0.0,0.0,0.0,0.0,0.0,0.0,0.0,0.0,0.0,0.0,0.0,0.0,0.0,0.0,0.0,0.0,0.0,0.0,0.0,0.0,0.0,0.0,0.0,0.0,0.0,0.0,0.0,0.0,0.0,0.0,0.0,0.0,0.0,0.0,0.0,0.0,0.0,0.0,0.0,0.0,0.0,0.0,0.0,0.0,0.0,0.0,0.0,0.0,0.0,0.0,0.0,0.0,0.0,0.0,0.0,0.0,0.0,0.0,0.0,0.0,0.0,0.0,0.0,0.0,0.6000000000000001,138456.9585,47565.0,0,17564.649755309998,22268.494158749996,inf
501,0,311476.0,202780.0,10352.0,120,54010,64699.0,13170.0,77869.0,0.0,0.0,0.0,-2.0,0.0,4040.0,0.0,0.0,0.0,0.0,0.0,0.0,0.0,0.0,0.0,0.0,0.0,0.0,0.0,0.0,0.0,0.0,0.0,0.0,0.0,0.0,0.0,0.0,0.0,0.0,0.0,0.0,0.0,0.0,0.0,0.0,0.0,0.0,0.0,0.0,0.0,0.0,0.0,0.0,0.0,0.0,0.0,0.0,0.0,0.0,0.0,0.0,0.0,0.0,0.0,0.0,0.0,0.0,0.0,0.0,0.0,0.0,0.0,0.0,0.0,0.0,0.0,0.0,0.0,0.0,0.0,0.0,0.0,0.0,0.0,0.0,0.0,0.0,0.0,0.0,0.0,0.0,0.5,147568.07549999998,50695.0,0,18720.48605793,21873.54615765,inf
516,0,5580920.0,3069172.0,20470.0,110,54005,127937.0,1267293.0,1395230.0,0.0,0.0,0.0,-2.0,0.0,4040.0,0.0,0.0,0.0,0.0,0.0,0.0,0.0,0.0,0.0,0.0,0.0,0.0,0.0,0.0,0.0,0.0,0.0,0.0,0.0,0.0,0.0,0.0,0.0,0.0,0.0,0.0,0.0,0.0,0.0,0.0,0.0,0.0,0.0,0.0,0.0,0.0,0.0,0.0,0.0,0.0,0.0,0.0,0.0,0.0,0.0,0.0,0.0,0.0,0.0,0.0,0.0,0.0,0.0,0.0,0.0,0.0,0.0,0.0,0.0,0.0,0.0,0.0,0.0,0.0,0.0,0.0,0.0,0.0,0.0,0.0,0.0,0.0,0.0,0.0,0.0,0.0,0.5,2233513.1936999997,767293.0,0,283343.483752782,391922.6881755,inf
517,0,105192456.0,70310000.0,1472206.0,10437,6453683,9090784.0,17207330.0,26298114.0,0.0,0.0,0.0,-239.0,0.0,482775.0,0.0,0.0,0.0,0.0,0.0,0.0,0.0,0.0,0.0,0.0,0.0,0.0,0.0,0.0,0.0,0.0,0.0,0.0,0.0,0.0,0.0,0.0,0.0,0.0,0.0,0.0,0.0,0.0,0.0,0.0,0.0,0.0,0.0,0.0,0.0,0.0,0.0,0.0,0.0,0.0,0.0,0.0,0.0,0.0,0.0,0.0,0.0,0.0,0.0,0.0,0.0,0.0,0.0,0.0,0.0,0.0,0.0,0.0,0.0,0.0,0.0,0.0,0.0,0.0,0.0,0.0,0.0,0.0,0.0,0.0,0.0,0.0,0.0,0.0,0.0,0.0,59.75,51166344.74999994,17577500.0,0,6490962.494984999,7387188.874110901,inf
522,0,16993996.0,8286612.0,323081.0,2370,999075,1742204.0,2506295.0,4248499.0,0.0,0.0,0.0,-37.0,0.0,74740.0,0.0,0.0,0.0,0.0,0.0,0.0,0.0,0.0,0.0,0.0,0.0,0.0,0.0,0.0,0.0,0.0,0.0,0.0,0.0,0.0,0.0,0.0,0.0,0.0,0.0,0.0,0.0,0.0,0.0,0.0,0.0,0.0,0.0,0.0,0.0,0.0,0.0,0.0,0.0,0.0,0.0,0.0,0.0,0.0,0.0,0.0,0.0,0.0,0.0,0.0,0.0,0.0,0.0,0.0,0.0,0.0,0.0,0.0,0.0,0.0,0.0,0.0,0.0,0.0,0.0,0.0,0.0,0.0,0.0,0.0,0.0,0.0,0.0,0.0,0.0,0.0,9.25,6030374.717699999,2071653.0,0,765013.336687422,1193411.22882315,inf
523,0,10744056.0,7570940.0,206786.0,721,378038,1268362.0,1417652.0,2686014.0,0.0,0.0,0.0,-14.0,0.0,28280.0,0.0,0.0,0.0,0.0,0.0,0.0,0.0,0.0,0.0,0.0,0.0,0.0,0.0,0.0,0.0,0.0,0.0,0.0,0.0,0.0,0.0,0.0,0.0,0.0,0.0,0.0,0.0,0.0,0.0,0.0,0.0,0.0,0.0,0.0,0.0,0.0,0.0,0.0,0.0,0.0,0.0,0.0,0.0,0.0,0.0,0.0,0.0,0.0,0.0,0.0,0.0,0.0,0.0,0.0,0.0,0.0,0.0,0.0,0.0,0.0,0.0,0.0,0.0,0.0,0.0,0.0,0.0,0.0,0.0,0.0,0.0,0.0,0.0,0.0,0.0,0.0,3.5,5509562.3115,1892735.0,0,698943.07483689,754506.3017259,inf
527,0,4142592.0,3113000.0,34000.0,20,27005,212500.0,823148.0,1035648.0,0.0,0.0,0.0,-1.0,0.0,2020.0,0.0,0.0,0.0,0.0,0.0,0.0,0.0,0.0,0.0,0.0,0.0,0.0,0.0,0.0,0.0,0.0,0.0,0.0,0.0,0.0,0.0,0.0,0.0,0.0,0.0,0.0,0.0,0.0,0.0,0.0,0.0,0.0,0.0,0.0,0.0,0.0,0.0,0.0,0.0,0.0,0.0,0.0,0.0,0.0,0.0,0.0,0.0,0.0,0.0,0.0,0.0,0.0,0.0,0.0,0.0,0.0,0.0,0.0,0.0,0.0,0.0,0.0,0.0,0.0,0.0,0.0,0.0,0.0,0.0,0.0,0.0,0.0,0.0,0.0,0.0,0.0,0.25,2265407.925,778250.0,0,287389.64936549996,290915.4391488,inf
528,0,24247932.0,13163308.0,265504.0,1310,675096,1604088.0,4457895.0,6061983.0,0.0,0.0,0.0,-25.0,0.0,50500.0,0.0,0.0,0.0,0.0,0.0,0.0,0.0,0.0,0.0,0.0,0.0,0.0,0.0,0.0,0.0,0.0,0.0,0.0,0.0,0.0,0.0,0.0,0.0,0.0,0.0,0.0,0.0,0.0,0.0,0.0,0.0,0.0,0.0,0.0,0.0,0.0,0.0,0.0,0.0,0.0,0.0,0.0,0.0,0.0,0.0,0.0,0.0,0.0,0.0,0.0,0.0,0.0,0.0,0.0,0.0,0.0,0.0,0.0,0.0,0.0,0.0,0.0,0.0,0.0,0.0,0.0,0.0,0.0,0.0,0.0,0.0,0.0,0.0,0.0,0.0,0.0,6.25,9579268.3143,3290827.0,0,1215225.9783520976,1702822.2393685495,inf
529,0,5208080.0,2684572.0,36487.0,120,81006,228043.0,1073977.0,1302020.0,0.0,0.0,0.0,-3.0,0.0,6060.0,0.0,0.0,0.0,0.0,0.0,0.0,0.0,0.0,0.0,0.0,0.0,0.0,0.0,0.0,0.0,0.0,0.0,0.0,0.0,0.0,0.0,0.0,0.0,0.0,0.0,0.0,0.0,0.0,0.0,0.0,0.0,0.0,0.0,0.0,0.0,0.0,0.0,0.0,0.0,0.0,0.0,0.0,0.0,0.0,0.0,0.0,0.0,0.0,0.0,0.0,0.0,0.0,0.0,0.0,0.0,0.0,0.0,0.0,0.0,0.0,0.0,0.0,0.0,0.0,0.0,0.0,0.0,0.0,0.0,0.0,0.0,0.0,0.0,0.0,0.0,0.0,0.75,1953630.1587,671143.0,0,247837.52193268202,365739.82673699997,inf
530,0,15385084.0,11842680.0,265560.0,782,351029,1659746.0,2186525.0,3846271.0,0.0,0.0,0.0,-13.0,0.0,26260.0,0.0,0.0,0.0,0.0,0.0,0.0,0.0,0.0,0.0,0.0,0.0,0.0,0.0,0.0,0.0,0.0,0.0,0.0,0.0,0.0,0.0,0.0,0.0,0.0,0.0,0.0,0.0,0.0,0.0,0.0,0.0,0.0,0.0,0.0,0.0,0.0,0.0,0.0,0.0,0.0,0.0,0.0,0.0,0.0,0.0,0.0,0.0,0.0,0.0,0.0,0.0,0.0,0.0,0.0,0.0,0.0,0.0,0.0,0.0,0.0,0.0,0.0,0.0,0.0,0.0,0.0,0.0,0.0,0.0,0.0,0.0,0.0,0.0,0.0,0.0,0.0,3.25,8618214.302999998,2960670.0,0,1093306.6664785799,1080424.63950135,inf
531,0,10291532.0,6461268.0,86815.0,40,81007,542593.0,2030290.0,2572883.0,0.0,0.0,0.0,-3.0,0.0,6060.0,0.0,0.0,0.0,0.0,0.0,0.0,0.0,0.0,0.0,0.0,0.0,0.0,0.0,0.0,0.0,0.0,0.0,0.0,0.0,0.0,0.0,0.0,0.0,0.0,0.0,0.0,0.0,0.0,0.0,0.0,0.0,0.0,0.0,0.0,0.0,0.0,0.0,0.0,0.0,0.0,0.0,0.0,0.0,0.0,0.0,0.0,0.0,0.0,0.0,0.0,0.0,0.0,0.0,0.0,0.0,0.0,0.0,0.0,0.0,0.0,0.0,0.0,0.0,0.0,0.0,0.0,0.0,0.0,0.0,0.0,0.0,0.0,0.0,0.0,0.0,0.0,0.75,4702026.255299999,1615317.0,0,596499.050747358,722727.59453355,inf
580,0,715192.0,496576.0,54419.0,350,216016,131358.0,47440.0,178798.0,0.0,0.0,0.0,-8.0,0.0,16160.0,211.0,2019.0,60.0,3125.0,27.0,2.0,2.0,2.0,2.0,12.0,6.0,3.0,3.0,2.0,5.0,0.0,1.0,3.0,0.0,1.0,2.0,2.0,2.0,0.0,2.0,5.0,2.0,1.0,2.0,7.0,0.0,0.0,0.0,3.0,0.0,2940.0,2.0,2.0,1.0,29680.0,112100.0,0.0,0.0,-87.78796762733191,41.8655155699463,813100.0,0.0,0.0,2.0,96.0,2.0,0.0,0.0,0.0,211.0,0.0,0.0,0.0,1.0,1.0,0.0,9216.0,9.6,92.16,9765625.0,8643600.0,0.79484621740971,1.0,0.0,0.0,0.0,60.0,55.901699437494706,9.797958971132712,54.2217668469038,2760.0,2.0,361370.76959999994,124144.0,0,45843.49583145599,50224.68897629999,inf
587,0,3866872.0,2704576.0,19100.0,20,27001,52525.0,914193.0,966718.0,0.0,0.0,0.0,-1.0,0.0,2020.0,0.0,0.0,0.0,0.0,0.0,0.0,0.0,0.0,0.0,0.0,0.0,0.0,0.0,0.0,0.0,0.0,0.0,0.0,0.0,0.0,0.0,0.0,0.0,0.0,0.0,0.0,0.0,0.0,0.0,0.0,0.0,0.0,0.0,0.0,0.0,0.0,0.0,0.0,0.0,0.0,0.0,0.0,0.0,0.0,0.0,0.0,0.0,0.0,0.0,0.0,0.0,0.0,0.0,0.0,0.0,0.0,0.0,0.0,0.0,0.0,0.0,0.0,0.0,0.0,0.0,0.0,0.0,0.0,0.0,0.0,0.0,0.0,0.0,0.0,0.0,0.0,0.25,1968187.5695999998,676144.0,0,249684.27507945598,271552.87462829996,inf
590,0,29794332.0,18115744.0,989202.0,8058,4050556,5946170.0,1502413.0,7448583.0,0.0,0.0,0.0,-150.0,0.0,302998.0,0.0,0.0,0.0,0.0,0.0,0.0,0.0,0.0,0.0,0.0,0.0,0.0,0.0,0.0,0.0,0.0,0.0,0.0,0.0,0.0,0.0,0.0,0.0,0.0,0.0,0.0,0.0,0.0,0.0,0.0,0.0,0.0,0.0,0.0,0.0,0.0,0.0,0.0,0.0,0.0,0.0,0.0,0.0,0.0,0.0,0.0,0.0,0.0,0.0,0.0,0.0,0.0,0.0,0.0,0.0,0.0,0.0,0.0,0.0,0.0,0.0,0.0,0.0,0.0,0.0,0.0,0.0,0.0,0.0,0.0,0.0,0.0,0.0,0.0,0.0,0.0,37.5,13183279.802399991,4528936.0,0,1672430.8757324633,2092320.7445785503,inf
591,0,67982664.0,46731336.0,302899.0,580,459062,1925171.0,15070495.0,16995666.0,0.0,0.0,0.0,-17.0,0.0,34337.0,0.0,0.0,0.0,0.0,0.0,0.0,0.0,0.0,0.0,0.0,0.0,0.0,0.0,0.0,0.0,0.0,0.0,0.0,0.0,0.0,0.0,0.0,0.0,0.0,0.0,0.0,0.0,0.0,0.0,0.0,0.0,0.0,0.0,0.0,0.0,0.0,0.0,0.0,0.0,0.0,0.0,0.0,0.0,0.0,0.0,0.0,0.0,0.0,0.0,0.0,0.0,0.0,0.0,0.0,0.0,0.0,0.0,0.0,0.0,0.0,0.0,0.0,0.0,0.0,0.0,0.0,0.0,0.0,0.0,0.0,0.0,0.0,0.0,0.0,0.0,0.0,4.25,34007561.49059999,11682834.0,0,4314199.250697515,4774114.0213821,inf
592,0,70191264.0,40395724.0,485526.0,3213,2160289,2988008.0,14559808.0,17547816.0,0.0,0.0,0.0,-80.0,0.0,161594.0,0.0,0.0,0.0,0.0,0.0,0.0,0.0,0.0,0.0,0.0,0.0,0.0,0.0,0.0,0.0,0.0,0.0,0.0,0.0,0.0,0.0,0.0,0.0,0.0,0.0,0.0,0.0,0.0,0.0,0.0,0.0,0.0,0.0,0.0,0.0,0.0,0.0,0.0,0.0,0.0,0.0,0.0,0.0,0.0,0.0,0.0,0.0,0.0,0.0,0.0,0.0,0.0,0.0,0.0,0.0,0.0,0.0,0.0,0.0,0.0,0.0,0.0,0.0,0.0,0.0,0.0,0.0,0.0,0.0,0.0,0.0,0.0,0.0,0.0,0.0,0.0,20.0,29396978.24790001,10098931.0,0,3729300.660528593,4929213.977859599,inf
593,0,6582520.0,5262000.0,223609.0,1020,378046,510458.0,1135172.0,1645630.0,0.0,0.0,0.0,-14.0,0.0,28280.0,0.0,0.0,0.0,0.0,0.0,0.0,0.0,0.0,0.0,0.0,0.0,0.0,0.0,0.0,0.0,0.0,0.0,0.0,0.0,0.0,0.0,0.0,0.0,0.0,0.0,0.0,0.0,0.0,0.0,0.0,0.0,0.0,0.0,0.0,0.0,0.0,0.0,0.0,0.0,0.0,0.0,0.0,0.0,0.0,0.0,0.0,0.0,0.0,0.0,0.0,0.0,0.0,0.0,0.0,0.0,0.0,0.0,0.0,0.0,0.0,0.0,0.0,0.0,0.0,0.0,0.0,0.0,0.0,0.0,0.0,0.0,0.0,0.0,0.0,0.0,0.0,3.5,3829288.95,1315500.0,0,485783.596197,462260.5114154999,inf
597,0,70127288.0,42651744.0,920704.0,2462,1161130,2977977.0,14553845.0,17531822.0,0.0,0.0,0.0,-43.0,0.0,86860.0,0.0,0.0,0.0,0.0,0.0,0.0,0.0,0.0,0.0,0.0,0.0,0.0,0.0,0.0,0.0,0.0,0.0,0.0,0.0,0.0,0.0,0.0,0.0,0.0,0.0,0.0,0.0,0.0,0.0,0.0,0.0,0.0,0.0,0.0,0.0,0.0,0.0,0.0,0.0,0.0,0.0,0.0,0.0,0.0,0.0,0.0,0.0,0.0,0.0,0.0,0.0,0.0,0.0,0.0,0.0,0.0,0.0,0.0,0.0,0.0,0.0,0.0,0.0,0.0,0.0,0.0,0.0,0.0,0.0,0.0,0.0,0.0,0.0,0.0,0.0,0.0,10.75,31038740.4024,10662936.0,0,3937574.607448464,4924721.233670699,inf
599,0,9898424.0,7818376.0,630220.0,1370,1107164,197483.0,2277123.0,2474606.0,0.0,0.0,0.0,-41.0,0.0,82820.0,0.0,0.0,0.0,0.0,0.0,0.0,0.0,0.0,0.0,0.0,0.0,0.0,0.0,0.0,0.0,0.0,0.0,0.0,0.0,0.0,0.0,0.0,0.0,0.0,0.0,0.0,0.0,0.0,0.0,0.0,0.0,0.0,0.0,0.0,0.0,0.0,0.0,0.0,0.0,0.0,0.0,0.0,0.0,0.0,0.0,0.0,0.0,0.0,0.0,0.0,0.0,0.0,0.0,0.0,0.0,0.0,0.0,0.0,0.0,0.0,0.0,0.0,0.0,0.0,0.0,0.0,0.0,0.0,0.0,0.0,0.0,0.0,0.0,0.0,0.0,0.0,10.25,5689627.6746000005,1954594.0,0,721786.166799756,695121.4034210996,inf
717,0,0.0,0.0,6300.0,80,27001,15750.0,40435.0,56185.0,0.0,0.0,0.0,-1.0,0.0,2020.0,0.0,0.0,0.0,0.0,0.0,0.0,0.0,0.0,0.0,0.0,0.0,0.0,0.0,0.0,0.0,0.0,0.0,0.0,0.0,0.0,0.0,0.0,0.0,0.0,0.0,0.0,0.0,0.0,0.0,0.0,0.0,0.0,0.0,0.0,0.0,0.0,0.0,0.0,0.0,0.0,0.0,0.0,0.0,0.0,0.0,0.0,0.0,0.0,0.0,0.0,0.0,0.0,0.0,0.0,0.0,0.0,0.0,0.0,0.0,0.0,0.0,0.0,0.0,0.0,0.0,0.0,0.0,0.0,0.0,0.0,0.0,0.0,0.0,0.0,0.0,0.0,inf,0.0,0.0,0,0.0,15782.47044225,inf
791,0,0.0,0.0,14455.0,20,27005,72275.0,79139.0,151414.0,0.0,0.0,0.0,-1.0,0.0,2020.0,0.0,0.0,0.0,0.0,0.0,0.0,0.0,0.0,0.0,0.0,0.0,0.0,0.0,0.0,0.0,0.0,0.0,0.0,0.0,0.0,0.0,0.0,0.0,0.0,0.0,0.0,0.0,0.0,0.0,0.0,0.0,0.0,0.0,0.0,0.0,0.0,0.0,0.0,0.0,0.0,0.0,0.0,0.0,0.0,0.0,0.0,0.0,0.0,0.0,0.0,0.0,0.0,0.0,0.0,0.0,0.0,0.0,0.0,0.0,0.0,0.0,0.0,0.0,0.0,0.0,0.0,0.0,0.0,0.0,0.0,0.0,0.0,0.0,0.0,0.0,0.0,inf,0.0,0.0,0,0.0,42532.472715899996,inf
792,0,0.0,0.0,11220.0,40,27004,70125.0,54047.0,124172.0,0.0,0.0,0.0,-1.0,0.0,2020.0,0.0,0.0,0.0,0.0,0.0,0.0,0.0,0.0,0.0,0.0,0.0,0.0,0.0,0.0,0.0,0.0,0.0,0.0,0.0,0.0,0.0,0.0,0.0,0.0,0.0,0.0,0.0,0.0,0.0,0.0,0.0,0.0,0.0,0.0,0.0,0.0,0.0,0.0,0.0,0.0,0.0,0.0,0.0,0.0,0.0,0.0,0.0,0.0,0.0,0.0,0.0,0.0,0.0,0.0,0.0,0.0,0.0,0.0,0.0,0.0,0.0,0.0,0.0,0.0,0.0,0.0,0.0,0.0,0.0,0.0,0.0,0.0,0.0,0.0,0.0,0.0,inf,0.0,0.0,0,0.0,34880.144518199995,inf
